"image_url","caption","uploaded","creation_id","published","published_id"
"https://res.cloudinary.com/dloos6ptg/video/upload/v1691428979/SaveInsta.App_-_2866952700894266561_rzhn6u.mp4","hello","Y","18243036694203544","Y",""
"https://res.cloudinary.com/dloos6ptg/video/upload/v1691428979/SaveInsta.App_-_2866952700894266561_rzhn6u.mp4","hello","Y","17966338883401384","Y",""
"https://res.cloudinary.com/dloos6ptg/video/upload/v1691428979/SaveInsta.App_-_2866952700894266561_rzhn6u.mp4","hello","Y","18255525997165307","Y",""
"https://res.cloudinary.com/dloos6ptg/video/upload/v1691428979/SaveInsta.App_-_2866952700894266561_rzhn6u.mp4","hello","Y","18044101009492054","",""
"https://res.cloudinary.com/dloos6ptg/video/upload/v1691428979/SaveInsta.App_-_2866952700894266561_rzhn6u.mp4","hello","Y","18103644703332006","",""
"https://res.cloudinary.com/dloos6ptg/video/upload/v1691428979/SaveInsta.App_-_2866952700894266561_rzhn6u.mp4","hello","Y","17901793520763833","Y",""
"https://res.cloudinary.com/dloos6ptg/video/upload/v1691428979/SaveInsta.App_-_2866952700894266561_rzhn6u.mp4","hello","Y","18018955657641528","Y",""
"https://res.cloudinary.com/dloos6ptg/video/upload/v1691428979/SaveInsta.App_-_2866952700894266561_rzhn6u.mp4","hello","Y","17901653420763153","Y",""
"https://res.cloudinary.com/dloos6ptg/video/upload/v1691428979/SaveInsta.App_-_2866952700894266561_rzhn6u.mp4","hello","Y","17874120368945133","Y",""
"https://res.cloudinary.com/dloos6ptg/video/upload/v1691428979/SaveInsta.App_-_2866952700894266561_rzhn6u.mp4","hello","Y","18014205424691874","Y",""
"https://res.cloudinary.com/dloos6ptg/video/upload/v1691428979/SaveInsta.App_-_2866952700894266561_rzhn6u.mp4","hello","Y","17904885650811356","Y","17888706968877189"
"https://res.cloudinary.com/dloos6ptg/video/upload/v1691428979/SaveInsta.App_-_2866952700894266561_rzhn6u.mp4","hello","Y","17983909193114245","",""
"https://res.cloudinary.com/dloos6ptg/video/upload/v1691428979/SaveInsta.App_-_2866952700894266561_rzhn6u.mp4","hello","Y","18003252940810729","",""
"https://res.cloudinary.com/dloos6ptg/video/upload/v1691428979/SaveInsta.App_-_2866952700894266561_rzhn6u.mp4","hello","Y","17978398934519111","",""
"https://res.cloudinary.com/dloos6ptg/video/upload/v1691428979/SaveInsta.App_-_2866952700894266561_rzhn6u.mp4","hello","Y","18003930265903527","",""
"https://res.cloudinary.com/dloos6ptg/video/upload/v1691428979/SaveInsta.App_-_2866952700894266561_rzhn6u.mp4","hello","Y","18019757644649768","",""
"https://res.cloudinary.com/dloos6ptg/video/upload/v1691428979/SaveInsta.App_-_2866952700894266561_rzhn6u.mp4","hello","Y","17960287862494591","",""
"https://res.cloudinary.com/dloos6ptg/video/upload/v1691428979/SaveInsta.App_-_2866952700894266561_rzhn6u.mp4","hello","Y","18033611920534666","",""
"https://res.cloudinary.com/dloos6ptg/video/upload/v1691428979/SaveInsta.App_-_2866952700894266561_rzhn6u.mp4","hello","Y","18190963315282244","Y","17958061487501743"
"https://res.cloudinary.com/dloos6ptg/video/upload/v1691428979/SaveInsta.App_-_2866952700894266561_rzhn6u.mp4","hello","Y","17976390086437448","Y","17988215957508410"
"https://res.cloudinary.com/dloos6ptg/video/upload/v1691428979/SaveInsta.App_-_2866952700894266561_rzhn6u.mp4","hello","Y","17991483920005839","Y","17990509064480051"
"https://res.cloudinary.com/dloos6ptg/video/upload/v1691428979/SaveInsta.App_-_2866952700894266561_rzhn6u.mp4","hello","Y","18193896508263139","Y","17891512055806866"
"https://res.cloudinary.com/dloos6ptg/video/upload/v1691428979/SaveInsta.App_-_2866952700894266561_rzhn6u.mp4","hello","","","",""
"https://res.cloudinary.com/dloos6ptg/video/upload/v1691428979/SaveInsta.App_-_2866952700894266561_rzhn6u.mp4","hello","","","",""
"https://res.cloudinary.com/dloos6ptg/video/upload/v1691428979/SaveInsta.App_-_2866952700894266561_rzhn6u.mp4","hello","","","",""
"https://res.cloudinary.com/dloos6ptg/video/upload/v1691428979/SaveInsta.App_-_2866952700894266561_rzhn6u.mp4","hello","","","",""
"https://res.cloudinary.com/dloos6ptg/video/upload/v1691428979/SaveInsta.App_-_2866952700894266561_rzhn6u.mp4","hello","","","",""
"https://res.cloudinary.com/dloos6ptg/video/upload/v1691428979/SaveInsta.App_-_2866952700894266561_rzhn6u.mp4","hello","","","",""
"https://res.cloudinary.com/dloos6ptg/video/upload/v1691428979/SaveInsta.App_-_2866952700894266561_rzhn6u.mp4","hello","","","",""
"https://res.cloudinary.com/dloos6ptg/video/upload/v1691428979/SaveInsta.App_-_2866952700894266561_rzhn6u.mp4","hello","","","",""
"https://res.cloudinary.com/dloos6ptg/video/upload/v1691428979/SaveInsta.App_-_2866952700894266561_rzhn6u.mp4","hello","","","",""
"https://res.cloudinary.com/dloos6ptg/video/upload/v1691428979/SaveInsta.App_-_2866952700894266561_rzhn6u.mp4","hello","","","",""
"https://res.cloudinary.com/dloos6ptg/video/upload/v1691428979/SaveInsta.App_-_2866952700894266561_rzhn6u.mp4","hello","","","",""
"https://res.cloudinary.com/dloos6ptg/video/upload/v1691428979/SaveInsta.App_-_2866952700894266561_rzhn6u.mp4","hello","","","",""
"https://res.cloudinary.com/dloos6ptg/video/upload/v1691428979/SaveInsta.App_-_2866952700894266561_rzhn6u.mp4","hello","","","",""
"https://res.cloudinary.com/dloos6ptg/video/upload/v1691428979/SaveInsta.App_-_2866952700894266561_rzhn6u.mp4","hello","","","",""
"https://res.cloudinary.com/dloos6ptg/video/upload/v1691428979/SaveInsta.App_-_2866952700894266561_rzhn6u.mp4","hello","","","",""
"https://res.cloudinary.com/dloos6ptg/video/upload/v1691428979/SaveInsta.App_-_2866952700894266561_rzhn6u.mp4","hello","","","",""
"https://res.cloudinary.com/dloos6ptg/video/upload/v1691428979/SaveInsta.App_-_2866952700894266561_rzhn6u.mp4","hello","","","",""
"https://res.cloudinary.com/dloos6ptg/video/upload/v1691428979/SaveInsta.App_-_2866952700894266561_rzhn6u.mp4","hello","","","",""
"https://res.cloudinary.com/dloos6ptg/video/upload/v1691428979/SaveInsta.App_-_2866952700894266561_rzhn6u.mp4","hello","","","",""
"https://res.cloudinary.com/dloos6ptg/video/upload/v1691428979/SaveInsta.App_-_2866952700894266561_rzhn6u.mp4","hello","","","",""
"https://res.cloudinary.com/dloos6ptg/video/upload/v1691428979/SaveInsta.App_-_2866952700894266561_rzhn6u.mp4","hello","","","",""
"https://res.cloudinary.com/dloos6ptg/video/upload/v1691428979/SaveInsta.App_-_2866952700894266561_rzhn6u.mp4","hello","","","",""
"https://res.cloudinary.com/dloos6ptg/video/upload/v1691428979/SaveInsta.App_-_2866952700894266561_rzhn6u.mp4","hello","","","",""
"https://res.cloudinary.com/dloos6ptg/video/upload/v1691428979/SaveInsta.App_-_2866952700894266561_rzhn6u.mp4","hello","","","",""
"https://res.cloudinary.com/dloos6ptg/video/upload/v1691428979/SaveInsta.App_-_2866952700894266561_rzhn6u.mp4","hello","","","",""
"https://res.cloudinary.com/dloos6ptg/video/upload/v1691428979/SaveInsta.App_-_2866952700894266561_rzhn6u.mp4","hello","","","",""
"https://res.cloudinary.com/dloos6ptg/video/upload/v1691428979/SaveInsta.App_-_2866952700894266561_rzhn6u.mp4","hello","","","",""